Josh Howard,
Kurt Thomas,
Erick Dampier,
Shawn Marion,
Dirk Nowitzki,
Jason Terry,
Raja Bell,
Steve Nash,
James Jones,
Boris Diaw,
Boris Diaw,
Marquis Daniels,
Devin Harris,
Leandro Barbosa,
Leandro Barbosa,
DeSagana Diop,
Kenyon Martin,
Marcus Camby,
Marcus Camby,
Manu Ginobili,
Carmelo Anthony,
Tim Duncan,
Tony Parker,
Andre Miller,
Nene Hilario,
Nene Hilario,
Nene Hilario,
Earl Boykins,
Eduardo Najera,
Nazr Mohammed,
Francisco Elson,
Michael Redd,
T.J. Ford,
Bobby Simmons,
Andrew Bogut,
Jamaal Magloire,
Andre Iguodala,
Kyle Korver,
Mo Williams,
Dan Gadzuric,
John Salmons,
J.R. Smith,
Brad Miller,
Mike Bibby,
David West,
Chris Paul,
Chris Andersen,
Rasual Butler,
Kevin Martin,
Francisco Garcia,
Brandon Bass,
Ronnie Price,
Joe Johnson,
Baron Davis,
Zaza Pachulia,
Troy Murphy,
Jason Richardson,
Josh Childress,
Mike Dunleavy,
Josh Smith,
Al Harrington,
Marvin Williams,
Mickael Pietrus,
Andris Biedrins,
Derek Fisher,
Derek Fisher,
Royal Ivey,
Kirk Hinrich,
Gerald Wallace,
Gerald Wallace,
Andres Nocioni,
Chris Duhon,
Emeka Okafor,
Tyson Chandler,
Ben Gordon,
Luol Deng,
Raymond Felton,
Matt Carroll,
Mehmet Okur,
Deron Williams,
Kris Humphries,
Jermaine O'Neal,
Tony Battie,
Metta World Peace,
Stephen Jackson,
Stephen Jackson,
DeShawn Stevenson,
Dwight Howard,
Hedo Turkoglu,
Jamaal Tinsley,
Danny Granger,
Jameer Nelson,
Reggie Evans,
Chris Kaman,
Ray Allen,
Elton Brand,
Johan Petro,
Rashard Lewis,
Nick Collison,
Luke Ridnour,
Damien Wilkins,
James Singleton,
Vladimir Radmanovic,
Chris Wilcox,
Kobe Bryant,
Lamar Odom,
Kwame Brown,
Brian Cook,
Brian Cook,
Andrew Bynum,
Pau Gasol,
Shane Battier,
Udonis Haslem,
Dwyane Wade,
Mike Miller,
Jason Kapono,
Dahntay Jones,
Dorell Wright,
Earl Barron,
Hakim Warrick,
Richard Jefferson,
Richard Jefferson,
Jason Kidd,
Jason Collins,
Vince Carter,
Eddy Curry,
Quentin Richardson,
Delonte West,
Paul Pierce,
Matt Barnes,
Trevor Ariza,
Ryan Gomes,
Al Jefferson,
Jamal Crawford,
Brian Scalabrine,
Kendrick Perkins,
Nate Robinson,
Drew Gooden,
LeBron James,
Larry Hughes,
Sasha Pavlovic,
Richard Hamilton,
Chauncey Billups,
Tayshaun Prince,
Ben Wallace,
Maurice Evans,
Darko Milicic,
Carlos Delfino,
Jason Maxiell,
Louis Williams,
Joel Przybilla,
Kevin Garnett,
Zach Randolph,
Sebastian Telfair,
Jarrett Jack,
Anthony Carter,
Juwan Howard,
Tracy McGrady,
Gilbert Arenas,
Jared Jeffries,
Antawn Jamison,
Mike James,
Chris Bosh,
Brendan Haywood,
Caron Butler,
Charlie Villanueva,
Matt Bonner,
Jose Calderon,
Beno Udrih,
Travis Outlaw,
Steve Blake,
Martell Webster,
Earl Watson,
Channing Frye,
David Lee,
Jannero Pargo,
Corey Maggette,
Mikki Moore,
Andray Blatche,
Monta Ellis,
Monta Ellis,
Keyon Dooling,
C.J. Miles,
Ike Diogu,
Von Wafer,
Samuel Dalembert,
Luke Walton,
Luke Walton,
Jeff Foster,
Shaun Livingston,
Brian Cardinal,
Grant Hill,
Jerry Stackhouse,
John Lucas,
Tony Allen,
Anderson Varejao,
Chuck Hayes,
Amir Johnson,
Gerald Green,
Ronny Turiaf,
Ronny Turiaf,
Carlos Boozer,
Will Bynum,
Amare Stoudemire,
Willie Green,
Solomon Jones,
Solomon Jones,
Shelden Williams,
Rajon Rondo,
Ryan Hollins,
Ryan Hollins,
Thabo Sefolosha,
Tyrus Thomas,
Shannon Brown,
Daniel Gibson,
Jose Barea,
Steve Novak,
Shawne Williams,
Jordan Farmar,
Rudy Gay,
Kyle Lowry,
Randy Foye,
Craig Smith,
Renaldo Balkman,
J.J. Redick,
LaMarcus Aldridge,
Andrea Bargnani,
Anthony Parker,
Ronnie Brewer,
Roger Mason,
Roger Mason,
Paul Millsap,
Linas Kleiza,
Kelenna Azubuike,
Louis Amundson,
Ian Mahinmi,
Greg Oden,
Josh McRoberts,
Carl Landry,
Kyrylo Fesenko,
Brandan Wright,
Marco Belinelli,
Luis Scola,
Glen Davis,
Sean Williams,
Sean Williams,
Wilson Chandler,
Thaddeus Young,
Jamario Moon,
Aaron Gray,
Joakim Noah,
Arron Afflalo,
Rodney Stuckey,
Yi Jianlian,
Ramon Sessions,
Ramon Sessions,
Al Horford,
Jared Dudley,
Joel Anthony,
Daequan Cook,
Marcin Gortat,
Dominic McGuire,
Nick Young,
Nick Young,
Mike Conley,
Corey Brewer,
Kevin Durant,
Spencer Hawes,
Darryl Watkins,
Jason Smith,
C.J. Watson,
Blake Ahearn,
Rudy Fernandez,
Jerryd Bayless,
Nicolas Batum,
Donte Greene,
Jason Thompson,
Anthony Randolph,
Kosta Koufos,
Bill Walker,
D.J. Augustin,
Derrick Rose,
J.J. Hickson,
J.J. Hickson,
Roy Hibbert,
Brandon Rush,
Eric Gordon,
DeAndre Jordan,
Darrell Arthur,
Marc Gasol,
Hamed Haddadi,
O.J. Mayo,
Michael Beasley,
Mario Chalmers,
Luc	Mbah a Moute,
Kevin Love,
Ryan Anderson,
Brook Lopez,
Danilo Gallinari,
Russell Westbrook,
D.J. White,
Courtney Lee,
Marreese Speights,
Marreese Speights,
Goran Dragic,
Robin Lopez,
George Hill,
Anthony Tolliver,
JaVale McGee,
JaVale McGee,
Anthony Morrow,
Cartier Martin,
Trey Johnson,
Jeff Teague,
Lester Hudson,
Lester Hudson,
Derrick Brown,
Gerald Henderson,
Derrick Byars,
Taj Gibson,
James Johnson,
Danny Green,
Rodrigue Beaubois,
Ty Lawson,
Austin Daye,
Jonas Jerebko,
DaJuan Summers,
Stephen Curry,
Chase Budinger,
Tyler Hansbrough,
A.J. Price,
Blake Griffin,
DeMarre Carroll,
DeMarre Carroll,
Hasheem Thabeet,
Hasheem Thabeet,
Sam Young,
Sam Young,
Ersan Ilyasova,
Brandon Jennings,
Jodie Meeks,
Wayne Ellington,
Jonny Flynn,
Jonny Flynn,
Terrence Williams,
Terrence Williams,
Darren Collison,
Marcus Thornton,
Toney Douglas,
Jordan Hill,
Jordan Hill,
James Harden,
Serge Ibaka,
Byron Mullens,
Jrue Holiday,
Earl Clark,
Dante Cunningham,
Patrick Mills,
Jeff Pendergraph,
Jon Brockman,
Omri Casspi,
Tyreke Evans,
DeJuan Blair,
DeMar Derozan,
Wes Matthews,
Eric Maynor,
Sundiata Gaines,
Reggie Williams,
Alonzo Gee,
Jordan Crawford,
Avery Bradley,
Semih Erden,
Luke Harangody,
Omer Asik,
Christian Eyenga,
Manny Harris,
Samardo Samuels,
Dominique Jones,
Gary Forbes,
Greg Monroe,
Jeff Adrien,
Jeremy Lin,
Ekpe Udoh,
Ekpe Udoh,
Patrick Patterson,
Ishmael Smith,
Ishmael Smith,
Xavier Henry,
Xavier Henry,
Greivis Vasquez,
Lazar Hayward,
Wesley Johnson,
Nikola Pekovic,
DeMarcus Cousins,
Hassan Whiteside,
Paul George,
Lance Stephenson,
Al-Farouq Aminu,
Eric Bledsoe,
Derrick Caracter,
Devin Ebanks,
Dexter Pittman,
Darington Hobson,
Larry Sanders,
Derrick Favors,
Damion James,
Ben Uzoh,
Ben Uzoh,
Quincy Pondexter,
Landry Fields,
Timofey Mozgov,
Cole Aldrich,
Daniel Orton,
Craig Brackins,
Evan Turner,
Garret Siler,
Luke Babbitt,
Armon Johnson,
Armon Johnson,
Elliot Williams,
James Anderson,
Gary Neal,
Tiago Splitter,
Solomon Alabi,
Ed Davis,
Jeremy Evans,
Gordon Hayward,
Trevor Booker,
Hamady N'Diaye,
Kevin Seraphin,
John Wall,
Chris Johnson,
Chris Johnson,
Donald Sloan,
Donald Sloan,
Donald Sloan,
Ivan Johnson,
Greg Stiemsma,
E'Twaun Moore,
JaJuan Johnson,
Kemba Walker,
Jimmy Butler,
Kyrie Irving,
Tristan Thompson,
Mychel Thompson,
Kenneth Faried,
Jordan Hamilton,
Brandon Knight,
Vernon Macklin,
Klay Thompson,
Jeremy Tyler,
Chris Wright,
Charles Jenkins,
Marcus Morris,
Chandler Parsons,
Trey Thompkins,
Travis Leslie,
Andrew Goudelock,
Jeremy Pargo,
Josh Selby,
Terrel Harris,
Norris Cole,
Jon Leuer,
Malcolm Lee,
Derrick Williams,
Ricky Rubio,
Marshon Brooks,
Dennis Horner,
Jordan Williams,
Gustavo Ayon,
Carldell Johnson,
Lance Thomas,
Josh Harrellson,
Jerome Jordan,
Iman Shumpert,
Reggie Jackson,
Ryan Reid,
Justin Harper,
DeAndre Liggins,
Lavoy Allen,
Nikola Vucevic,
Markieff Morris,
Nolan Smith,
Jimmer Fredette,
Tyler Honeycutt,
Isaiah Thomas,
Cory Joseph,
Kawhi Leonard,
Alec Burks,
Enes Kanter,
Shelvin Mack,
Chris Singleton,
Jan Vesely,
Bismack Biyombo,
Julyan Stone,
Darius Morris,
Josh Davis,
Brian Skinner,
Mickell Gladness,
Mickell Gladness,
Tobias Harris,
Cory Higgins,
Malcolm Thomas,
Courtney Fortson,
Courtney Fortson,
Walker Russell,
Andre Emmett,
Eric Dawson,
Greg Smith,
Jeff Foote,
Jerry Smith,
Edwin Ubiles,
Alan Anderson,
Keith Benson,
Justin Dentmon,
Jerome Dyson,
Xavier Silas,
D.J. Kennedy,
